imageLink,username,date,caption
Export-1579.jpg,cianbyrne00,3/4/2022,"Kev and his guitar"
Export-1606.jpg,keeley99,3/4/2022,"Fizzy Orange"
000017.JPG,karljd,3/4/2022,"Me on the beach!"
000018.JPG,karljd,3/4/2022,"Another beach photo"
000027.JPG,byrnestar@gmail.com,3/4/2022,"Me and my wife"
000021.JPG,cianbyrne00,3/4/2022,"The sea"
000046.JPG,cianbyrne00,3/4/2022,Tram
000013.JPG,fiobuzzman,3/4/2022,"The forest bro"
000030.jpg,fiobuzzman,3/4/2022,"San Fran Man!"
000040.JPG,fiobuzzman,3/4/2022,"The spanish guitar"
000014.JPG,dan99,3/4/2022,"skate city dude"
000044.JPG,dan99,3/4/2022,"under my umbrella haha"
000024.JPG,dan99,3/4/2022,"look at me, kind of the castle!"
000029.JPG,cianbyrne00,3/4/2022,"the cross"
